{
    "hyperparameters": {
        "resize": [
            224,
            224
        ],
        "augmentation": {
            "horizontal_flip": 0.5,
            "vertical_flip": 0.2,
            "rotation": 30,
            "color_jitter": {
                "brightness": 0.3,
                "contrast": 0.3,
                "saturation": 0.3,
                "hue": 0.1
            },
            "grayscale": 0.1
        },
        "normalization": {
            "mean": [
                0.5131,
                0.4867,
                0.4275
            ],
            "std": [
                0.229,
                0.224,
                0.225
            ]
        },
        "epochs": 15,
        "learning_rate": 0.001,
        "batch_size": 32,
        "cnn_model": "<class '__main__.SimpleCNN'>"
    },
    "results": {
        "dataset_size": 3248,
        "best_validation_accuracy": 0.8830769230769231,
        "train_losses": [
            0.6974236369132996,
            0.3974541425704956,
            0.4554212987422943,
            0.2188665270805359,
            0.22916191816329956,
            0.3734477460384369,
            0.46872830390930176,
            0.20276542007923126,
            0.08190487325191498,
            0.14771680533885956,
            0.0635533481836319,
            0.11622752994298935,
            0.4409419000148773,
            0.08072302490472794,
            0.10923584550619125
        ],
        "train_accuracies": [
            0.7729022324865281,
            0.7725173210161663,
            0.7871439568899153,
            0.7998460354118553,
            0.8044649730561971,
            0.8279445727482679,
            0.8352578906851424,
            0.8548883756735951,
            0.8648960739030023,
            0.865665896843726,
            0.8695150115473441,
            0.8745188606620478,
            0.8787528868360277,
            0.894919168591224,
            0.8945342571208622
        ],
        "classification_report": "              precision    recall  f1-score   support\n\n   no rabbit       0.85      0.43      0.57       134\n      rabbit       0.87      0.98      0.92       516\n\n    accuracy                           0.87       650\n   macro avg       0.86      0.71      0.75       650\nweighted avg       0.87      0.87      0.85       650\n",
        "confusion_matrix": [
            [
                58,
                76
            ],
            [
                10,
                506
            ]
        ],
        "test_accuracy": 0.8676923076923077,
        "test_loss": 0.34517056885219755
    }
}