{
    "hyperparameters": {
        "resize": [
            224,
            224
        ],
        "augmentation": {
            "horizontal_flip": 0.5,
            "vertical_flip": 0.2,
            "rotation": 30,
            "color_jitter": {
                "brightness": 0.3,
                "contrast": 0.3,
                "saturation": 0.3,
                "hue": 0.1
            },
            "grayscale": 0.1
        },
        "normalization": {
            "mean": [
                0.5131,
                0.4867,
                0.4275
            ],
            "std": [
                0.229,
                0.224,
                0.225
            ]
        },
        "epochs": 15,
        "learning_rate": 0.001,
        "batch_size": 32,
        "cnn_model": "<class '__main__.SimpleCNN'>"
    },
    "results": {
        "dataset_size": 3248,
        "best_validation_accuracy": 0.8707692307692307,
        "train_losses": [
            0.23766076564788818,
            0.33852729201316833,
            0.15147727727890015,
            0.0894729271531105,
            0.2045646458864212,
            0.25873950123786926,
            0.2221890240907669,
            0.3332878053188324,
            0.4929381310939789,
            0.9965499043464661,
            0.12843488156795502,
            0.3368707001209259,
            0.17935173213481903,
            0.1682584136724472,
            0.13297703862190247
        ],
        "train_accuracies": [
            0.7652040030792918,
            0.7867590454195535,
            0.7998460354118553,
            0.7971516551193225,
            0.8225558121632025,
            0.836027713625866,
            0.852963818321786,
            0.8456505003849115,
            0.8614318706697459,
            0.865665896843726,
            0.8579676674364896,
            0.8722093918398768,
            0.8687451886066204,
            0.8791377983063895,
            0.8779830638953041
        ],
        "classification_report": "              precision    recall  f1-score   support\n\n   no rabbit       0.85      0.43      0.57       136\n      rabbit       0.87      0.98      0.92       514\n\n    accuracy                           0.86       650\n   macro avg       0.86      0.70      0.74       650\nweighted avg       0.86      0.86      0.85       650\n",
        "confusion_matrix": [
            [
                58,
                78
            ],
            [
                10,
                504
            ]
        ],
        "test_accuracy": 0.8646153846153846,
        "test_loss": 0.351202286425091
    }
}